{
  "json_cold_load": 0.8623799774795771,
  "json_cached_load": 0.0006820028647780418,
  "gen_quick": 0.008164998143911362,
  "gen_mode_avg": 0.035989994648844004,
  "gen_preset_avg": 0.04464000230655074,
  "gen_single_cfg": 0.1596850110217929,
  "gen_all_combos": 19.21483331049482,
  "validate": 0.09734999039210379,
  "diagnostics": 0.038700003642588854,
  "export_single": 1.894809992518276,
  "export_full": 14.332640008069575,
  "parse_cfg": 0.2910700044594705
}